<?xml version="1.0" encoding="UTF-8" standalone="yes"?>
<ns2:ExportManifest xmlns:ns2="http://www.pentaho.com/schema/">
    <ExportManifestInformation exportDate="08-04-2016 02:48:06 GFT" exportBy="admin" rootFolder="/home/rrhh/" manifestVersion="2"/>
    <ExportManifestEntity path="Control de Accesos.xdash">
        <ExportManifestProperty>
            <EntityMetaData name="Control de Accesos.xdash" createdDate="2016-04-01T17:47:01.947-03:00" isFolder="false" path="Control de Accesos.xdash" isHidden="false" locale="es" description="Control de Accesos.xdash" title="Control de Accesos"/>
        </ExportManifestProperty>
        <ExportManifestProperty>
            <EntityAcl>
                <entriesInheriting>true</entriesInheriting>
                <owner>admin</owner>
                <ownerType>USER</ownerType>
            </EntityAcl>
        </ExportManifestProperty>
    </ExportManifestEntity>
</ns2:ExportManifest>
