<?xml version="1.0" encoding="UTF-8" standalone="yes"?>
<ns2:ExportManifest xmlns:ns2="http://www.pentaho.com/schema/">
    <ExportManifestInformation exportDate="08-04-2016 02:49:01 GFT" exportBy="admin" rootFolder="/home/rrhh/" manifestVersion="2"/>
    <ExportManifestEntity path="Tableros">
        <ExportManifestProperty>
            <EntityMetaData name="Tableros" createdDate="2016-04-05T15:43:57.862-03:00" isFolder="true" path="Tableros" isHidden="false" locale="es" title="Tableros"/>
        </ExportManifestProperty>
        <ExportManifestProperty>
            <EntityAcl>
                <entriesInheriting>true</entriesInheriting>
                <owner>admin</owner>
                <ownerType>USER</ownerType>
            </EntityAcl>
        </ExportManifestProperty>
    </ExportManifestEntity>
    <ExportManifestEntity path="Tableros/Control de Accesos.cda">
        <ExportManifestProperty>
            <EntityMetaData name="Control de Accesos.cda" createdDate="2016-04-04T12:44:57.810-03:00" isFolder="false" path="Tableros/Control de Accesos.cda" isHidden="false" locale="es" title="Control de Accesos.cda"/>
        </ExportManifestProperty>
        <ExportManifestProperty>
            <EntityAcl>
                <entriesInheriting>true</entriesInheriting>
                <owner>admin</owner>
                <ownerType>USER</ownerType>
            </EntityAcl>
        </ExportManifestProperty>
    </ExportManifestEntity>
    <ExportManifestEntity path="Tableros/Control de Accesos.cdfde">
        <ExportManifestProperty>
            <EntityMetaData name="Control de Accesos.cdfde" createdDate="2016-04-04T12:21:28.482-03:00" isFolder="false" path="Tableros/Control de Accesos.cdfde" isHidden="false" locale="es" title="Control de Accesos.cdfde"/>
        </ExportManifestProperty>
        <ExportManifestProperty>
            <EntityAcl>
                <entriesInheriting>true</entriesInheriting>
                <owner>admin</owner>
                <ownerType>USER</ownerType>
            </EntityAcl>
        </ExportManifestProperty>
    </ExportManifestEntity>
    <ExportManifestEntity path="Tableros/Control de Accesos.css">
        <ExportManifestProperty>
            <EntityMetaData name="Control de Accesos.css" createdDate="2016-04-04T16:17:50.031-03:00" isFolder="false" path="Tableros/Control de Accesos.css" isHidden="false" locale="es" title="Control de Accesos.css"/>
        </ExportManifestProperty>
        <ExportManifestProperty>
            <EntityAcl>
                <entriesInheriting>true</entriesInheriting>
                <owner>admin</owner>
                <ownerType>USER</ownerType>
            </EntityAcl>
        </ExportManifestProperty>
    </ExportManifestEntity>
    <ExportManifestEntity path="Tableros/Control de Accesos.wcdf">
        <ExportManifestProperty>
            <EntityMetaData name="Control de Accesos.wcdf" createdDate="2016-04-04T12:21:28.451-03:00" isFolder="false" path="Tableros/Control de Accesos.wcdf" isHidden="false" locale="es" description="Control de Accesos al CCK por molinetes de Alem" title="Control de Accesos"/>
        </ExportManifestProperty>
        <ExportManifestProperty>
            <EntityAcl>
                <entriesInheriting>true</entriesInheriting>
                <owner>admin</owner>
                <ownerType>USER</ownerType>
            </EntityAcl>
        </ExportManifestProperty>
    </ExportManifestEntity>
    <ExportManifestEntity path="Tableros/Resultados Varios.cda">
        <ExportManifestProperty>
            <EntityMetaData name="Resultados Varios.cda" createdDate="2016-04-05T19:31:54.449-03:00" isFolder="false" path="Tableros/Resultados Varios.cda" isHidden="false" locale="es" title="Resultados Varios.cda"/>
        </ExportManifestProperty>
        <ExportManifestProperty>
            <EntityAcl>
                <entriesInheriting>true</entriesInheriting>
                <owner>admin</owner>
                <ownerType>USER</ownerType>
            </EntityAcl>
        </ExportManifestProperty>
    </ExportManifestEntity>
    <ExportManifestEntity path="Tableros/Resultados Varios.cdfde">
        <ExportManifestProperty>
            <EntityMetaData name="Resultados Varios.cdfde" createdDate="2016-04-05T17:58:39.556-03:00" isFolder="false" path="Tableros/Resultados Varios.cdfde" isHidden="false" locale="es" title="Resultados Varios.cdfde"/>
        </ExportManifestProperty>
        <ExportManifestProperty>
            <EntityAcl>
                <entriesInheriting>true</entriesInheriting>
                <owner>admin</owner>
                <ownerType>USER</ownerType>
            </EntityAcl>
        </ExportManifestProperty>
    </ExportManifestEntity>
    <ExportManifestEntity path="Tableros/Resultados Varios.css">
        <ExportManifestProperty>
            <EntityMetaData name="Resultados Varios.css" createdDate="2016-04-05T17:59:23.525-03:00" isFolder="false" path="Tableros/Resultados Varios.css" isHidden="false" locale="es" title="Resultados Varios.css"/>
        </ExportManifestProperty>
        <ExportManifestProperty>
            <EntityAcl>
                <entriesInheriting>true</entriesInheriting>
                <owner>admin</owner>
                <ownerType>USER</ownerType>
            </EntityAcl>
        </ExportManifestProperty>
    </ExportManifestEntity>
    <ExportManifestEntity path="Tableros/Resultados Varios.wcdf">
        <ExportManifestProperty>
            <EntityMetaData name="Resultados Varios.wcdf" createdDate="2016-04-05T17:58:39.514-03:00" isFolder="false" path="Tableros/Resultados Varios.wcdf" isHidden="false" locale="es" description="Resultados Varios" title="Resultados Varios"/>
        </ExportManifestProperty>
        <ExportManifestProperty>
            <EntityAcl>
                <entriesInheriting>true</entriesInheriting>
                <owner>admin</owner>
                <ownerType>USER</ownerType>
            </EntityAcl>
        </ExportManifestProperty>
    </ExportManifestEntity>
    <ExportManifestEntity path="Tableros/SGA_Limpieza_Areas_Servicio-Banios.ktr">
        <ExportManifestProperty>
            <EntityMetaData name="SGA_Limpieza_Areas_Servicio-Banios.ktr" createdDate="2016-04-06T18:35:13.636-03:00" isFolder="false" path="Tableros/SGA_Limpieza_Areas_Servicio-Banios.ktr" isHidden="true" locale="es" title="SGA_Limpieza_Areas_Servicio-Banios"/>
        </ExportManifestProperty>
        <ExportManifestProperty>
            <EntityAcl>
                <entriesInheriting>true</entriesInheriting>
                <owner>admin</owner>
                <ownerType>USER</ownerType>
            </EntityAcl>
        </ExportManifestProperty>
    </ExportManifestEntity>
</ns2:ExportManifest>
