<?xml version="1.0" encoding="UTF-8" standalone="yes"?>
<ns2:ExportManifest xmlns:ns2="http://www.pentaho.com/schema/">
    <ExportManifestInformation exportDate="23-06-2016 05:06:01 GFT" exportBy="admin" rootFolder="/home/" manifestVersion="2"/>
    <ExportManifestEntity path="sga">
        <ExportManifestProperty>
            <EntityMetaData name="sga" createdDate="2016-03-28T11:19:03.923-03:00" isFolder="true" path="sga" isHidden="false" locale="es" title="sga"/>
        </ExportManifestProperty>
        <ExportManifestProperty>
            <EntityAcl>
                <aces>
                    <permissions>ALL</permissions>
                    <recipient>sga</recipient>
                    <recipientType>USER</recipientType>
                </aces>
                <entriesInheriting>false</entriesInheriting>
                <owner>sga</owner>
                <ownerType>USER</ownerType>
            </EntityAcl>
        </ExportManifestProperty>
    </ExportManifestEntity>
    <ExportManifestEntity path="sga/Orden Trabajo.prpt">
        <ExportManifestProperty>
            <EntityMetaData name="Orden Trabajo.prpt" createdDate="2016-03-28T11:21:51.171-03:00" isFolder="false" path="sga/Orden Trabajo.prpt" isHidden="false" locale="es" description="Ordenes de trabajo diarias con acciones y espacios de las taareas planificadas" title="Orden Trabajo"/>
        </ExportManifestProperty>
        <ExportManifestProperty>
            <EntityAcl>
                <entriesInheriting>true</entriesInheriting>
                <owner>admin</owner>
                <ownerType>USER</ownerType>
            </EntityAcl>
        </ExportManifestProperty>
    </ExportManifestEntity>
    <ExportManifestEntity path="sga/Plan General - Mensual.prpt">
        <ExportManifestProperty>
            <EntityMetaData name="Plan General - Mensual.prpt" createdDate="2016-03-28T11:22:04.836-03:00" isFolder="false" path="sga/Plan General - Mensual.prpt" isHidden="false" locale="es" description="Plan General de de trabajos de limpieza con corte por mes" title="Plan General - Mensual"/>
        </ExportManifestProperty>
        <ExportManifestProperty>
            <EntityAcl>
                <entriesInheriting>true</entriesInheriting>
                <owner>admin</owner>
                <ownerType>USER</ownerType>
            </EntityAcl>
        </ExportManifestProperty>
    </ExportManifestEntity>
    <ExportManifestEntity path="sga/Plan General - Semanal.prpt">
        <ExportManifestProperty>
            <EntityMetaData name="Plan General - Semanal.prpt" createdDate="2016-03-28T11:21:59.096-03:00" isFolder="false" path="sga/Plan General - Semanal.prpt" isHidden="false" locale="es" description="Plan General de de trabajos de limpieza con corte por semana" title="Plan General - Semanal"/>
        </ExportManifestProperty>
        <ExportManifestProperty>
            <EntityAcl>
                <entriesInheriting>true</entriesInheriting>
                <owner>admin</owner>
                <ownerType>USER</ownerType>
            </EntityAcl>
        </ExportManifestProperty>
    </ExportManifestEntity>
</ns2:ExportManifest>
