<?xml version="1.0" encoding="UTF-8" standalone="yes"?>
<ns2:ExportManifest xmlns:ns2="http://www.pentaho.com/schema/">
    <ExportManifestInformation exportDate="08-04-2016 02:48:42 GFT" exportBy="admin" rootFolder="/home/rrhh/" manifestVersion="2"/>
    <ExportManifestEntity path="Tablero Muestra.xdash">
        <ExportManifestProperty>
            <EntityMetaData name="Tablero Muestra.xdash" createdDate="2016-04-01T16:48:36.822-03:00" isFolder="false" path="Tablero Muestra.xdash" isHidden="false" locale="es" description="Tablero Muestra.xdash" title="Tablero Muestra"/>
        </ExportManifestProperty>
        <ExportManifestProperty>
            <EntityAcl>
                <entriesInheriting>true</entriesInheriting>
                <owner>admin</owner>
                <ownerType>USER</ownerType>
            </EntityAcl>
        </ExportManifestProperty>
    </ExportManifestEntity>
</ns2:ExportManifest>
