<?xml version="1.0" encoding="UTF-8" standalone="yes"?>
<ns2:ExportManifest xmlns:ns2="http://www.pentaho.com/schema/">
    <ExportManifestInformation exportDate="19-07-2016 03:12:56 GFT" exportBy="admin" rootFolder="/home/" manifestVersion="2"/>
    <ExportManifestEntity path="admin">
        <ExportManifestProperty>
            <EntityMetaData name="admin" createdDate="2016-05-16T18:00:07.714-03:00" isFolder="true" path="admin" isHidden="false" locale="es" title="admin"/>
        </ExportManifestProperty>
        <ExportManifestProperty>
            <EntityAcl>
                <aces>
                    <permissions>ALL</permissions>
                    <recipient>admin</recipient>
                    <recipientType>USER</recipientType>
                </aces>
                <entriesInheriting>false</entriesInheriting>
                <owner>admin</owner>
                <ownerType>USER</ownerType>
            </EntityAcl>
        </ExportManifestProperty>
    </ExportManifestEntity>
    <ExportManifestEntity path="admin/CTO Mayo.xanalyzer">
        <ExportManifestProperty>
            <EntityMetaData name="CTO Mayo.xanalyzer" createdDate="2016-06-23T18:31:43.286-03:00" isFolder="false" path="admin/CTO Mayo.xanalyzer" isHidden="false" locale="es" title="CTO Mayo"/>
        </ExportManifestProperty>
        <ExportManifestProperty>
            <EntityAcl>
                <entriesInheriting>true</entriesInheriting>
                <owner>admin</owner>
                <ownerType>USER</ownerType>
            </EntityAcl>
        </ExportManifestProperty>
    </ExportManifestEntity>
    <ExportManifestEntity path="admin/CTO_limpieza_operativa.prpti">
        <ExportManifestProperty>
            <EntityMetaData name="CTO_limpieza_operativa.prpti" createdDate="2016-06-23T18:31:43.651-03:00" isFolder="false" path="admin/CTO_limpieza_operativa.prpti" isHidden="false" locale="es" description="CTO_limpieza_operativa.prpti" title="CTO_limpieza_operativa"/>
        </ExportManifestProperty>
        <ExportManifestProperty>
            <EntityAcl>
                <entriesInheriting>true</entriesInheriting>
                <owner>admin</owner>
                <ownerType>USER</ownerType>
            </EntityAcl>
        </ExportManifestProperty>
    </ExportManifestEntity>
    <ExportManifestEntity path="admin/Dashboard">
        <ExportManifestProperty>
            <EntityMetaData name="Dashboard" createdDate="2016-06-23T18:31:43.742-03:00" isFolder="true" path="admin/Dashboard" isHidden="false" locale="es" title="Dashboard"/>
        </ExportManifestProperty>
        <ExportManifestProperty>
            <EntityAcl>
                <entriesInheriting>true</entriesInheriting>
                <owner>admin</owner>
                <ownerType>USER</ownerType>
            </EntityAcl>
        </ExportManifestProperty>
    </ExportManifestEntity>
    <ExportManifestEntity path="admin/Dashboard/SIIDF.cda">
        <ExportManifestProperty>
            <EntityMetaData name="SIIDF.cda" createdDate="2016-06-23T18:31:43.879-03:00" isFolder="false" path="admin/Dashboard/SIIDF.cda" isHidden="false" locale="es" title="SIIDF"/>
        </ExportManifestProperty>
        <ExportManifestProperty>
            <EntityAcl>
                <entriesInheriting>true</entriesInheriting>
                <owner>admin</owner>
                <ownerType>USER</ownerType>
            </EntityAcl>
        </ExportManifestProperty>
    </ExportManifestEntity>
    <ExportManifestEntity path="admin/Dashboard/SIIDF.cdfde">
        <ExportManifestProperty>
            <EntityMetaData name="SIIDF.cdfde" createdDate="2016-06-23T18:31:43.956-03:00" isFolder="false" path="admin/Dashboard/SIIDF.cdfde" isHidden="false" locale="es" title="SIIDF"/>
        </ExportManifestProperty>
        <ExportManifestProperty>
            <EntityAcl>
                <entriesInheriting>true</entriesInheriting>
                <owner>admin</owner>
                <ownerType>USER</ownerType>
            </EntityAcl>
        </ExportManifestProperty>
    </ExportManifestEntity>
    <ExportManifestEntity path="admin/Dashboard/SIIDF.css">
        <ExportManifestProperty>
            <EntityMetaData name="SIIDF.css" createdDate="2016-06-23T18:31:43.766-03:00" isFolder="false" path="admin/Dashboard/SIIDF.css" isHidden="true" locale="es" title="SIIDF"/>
        </ExportManifestProperty>
        <ExportManifestProperty>
            <EntityAcl>
                <entriesInheriting>true</entriesInheriting>
                <owner>admin</owner>
                <ownerType>USER</ownerType>
            </EntityAcl>
        </ExportManifestProperty>
    </ExportManifestEntity>
    <ExportManifestEntity path="admin/Dashboard/SIIDF.wcdf">
        <ExportManifestProperty>
            <EntityMetaData name="SIIDF.wcdf" createdDate="2016-06-23T18:31:43.820-03:00" isFolder="false" path="admin/Dashboard/SIIDF.wcdf" isHidden="false" locale="es" title="SIIDF"/>
        </ExportManifestProperty>
        <ExportManifestProperty>
            <EntityAcl>
                <entriesInheriting>true</entriesInheriting>
                <owner>admin</owner>
                <ownerType>USER</ownerType>
            </EntityAcl>
        </ExportManifestProperty>
    </ExportManifestEntity>
    <ExportManifestEntity path="admin/Dashboard/br-2.js">
        <ExportManifestProperty>
            <EntityMetaData name="br-2.js" createdDate="2016-06-23T18:31:44.046-03:00" isFolder="false" path="admin/Dashboard/br-2.js" isHidden="true" locale="es" title="br-2"/>
        </ExportManifestProperty>
        <ExportManifestProperty>
            <EntityAcl>
                <entriesInheriting>true</entriesInheriting>
                <owner>admin</owner>
                <ownerType>USER</ownerType>
            </EntityAcl>
        </ExportManifestProperty>
    </ExportManifestEntity>
    <ExportManifestEntity path="admin/Dashboard/br-states.min.js">
        <ExportManifestProperty>
            <EntityMetaData name="br-states.min.js" createdDate="2016-06-23T18:31:44.111-03:00" isFolder="false" path="admin/Dashboard/br-states.min.js" isHidden="true" locale="es" title="br-states.min"/>
        </ExportManifestProperty>
        <ExportManifestProperty>
            <EntityAcl>
                <entriesInheriting>true</entriesInheriting>
                <owner>admin</owner>
                <ownerType>USER</ownerType>
            </EntityAcl>
        </ExportManifestProperty>
    </ExportManifestEntity>
    <ExportManifestEntity path="admin/Dashboard/d3.v3.min.js">
        <ExportManifestProperty>
            <EntityMetaData name="d3.v3.min.js" createdDate="2016-06-23T18:31:44.196-03:00" isFolder="false" path="admin/Dashboard/d3.v3.min.js" isHidden="true" locale="es" title="d3.v3.min"/>
        </ExportManifestProperty>
        <ExportManifestProperty>
            <EntityAcl>
                <entriesInheriting>true</entriesInheriting>
                <owner>admin</owner>
                <ownerType>USER</ownerType>
            </EntityAcl>
        </ExportManifestProperty>
    </ExportManifestEntity>
    <ExportManifestEntity path="admin/Dashboard/d3map.min.js">
        <ExportManifestProperty>
            <EntityMetaData name="d3map.min.js" createdDate="2016-06-23T18:31:44.287-03:00" isFolder="false" path="admin/Dashboard/d3map.min.js" isHidden="true" locale="es" title="d3map.min"/>
        </ExportManifestProperty>
        <ExportManifestProperty>
            <EntityAcl>
                <entriesInheriting>true</entriesInheriting>
                <owner>admin</owner>
                <ownerType>USER</ownerType>
            </EntityAcl>
        </ExportManifestProperty>
    </ExportManifestEntity>
    <ExportManifestEntity path="admin/Dashboard/topojson.v1.min.js">
        <ExportManifestProperty>
            <EntityMetaData name="topojson.v1.min.js" createdDate="2016-06-23T18:31:44.351-03:00" isFolder="false" path="admin/Dashboard/topojson.v1.min.js" isHidden="true" locale="es" title="topojson.v1.min"/>
        </ExportManifestProperty>
        <ExportManifestProperty>
            <EntityAcl>
                <entriesInheriting>true</entriesInheriting>
                <owner>admin</owner>
                <ownerType>USER</ownerType>
            </EntityAcl>
        </ExportManifestProperty>
    </ExportManifestEntity>
    <ExportManifestEntity path="admin/FillAuditMartTime.html">
        <ExportManifestProperty>
            <EntityMetaData name="FillAuditMartTime.html" createdDate="2016-05-16T18:00:36.749-03:00" createdBy="f3ce3a27-cdfa-4df4-b20d-5e97366d054b" isFolder="false" path="admin/FillAuditMartTime.html" isHidden="true" locale="es" title="FillAuditMartTime.html"/>
        </ExportManifestProperty>
        <ExportManifestProperty>
            <EntityAcl>
                <entriesInheriting>true</entriesInheriting>
                <owner>admin</owner>
                <ownerType>USER</ownerType>
            </EntityAcl>
        </ExportManifestProperty>
    </ExportManifestEntity>
    <ExportManifestEntity path="admin/Prueba.html">
        <ExportManifestProperty>
            <EntityMetaData name="Prueba.html" createdDate="2016-06-23T18:31:44.462-03:00" isFolder="false" path="admin/Prueba.html" isHidden="true" locale="es" title="Prueba"/>
        </ExportManifestProperty>
        <ExportManifestProperty>
            <EntityAcl>
                <entriesInheriting>true</entriesInheriting>
                <owner>admin</owner>
                <ownerType>USER</ownerType>
            </EntityAcl>
        </ExportManifestProperty>
    </ExportManifestEntity>
    <ExportManifestEntity path="admin/UpdateAuditData.html">
        <ExportManifestProperty>
            <EntityMetaData name="UpdateAuditData.html" createdDate="2016-05-16T18:00:31.268-03:00" createdBy="4409fc4d-832c-4327-99f1-158196d8b7ea" isFolder="false" path="admin/UpdateAuditData.html" isHidden="true" locale="es" title="UpdateAuditData.html"/>
        </ExportManifestProperty>
        <ExportManifestProperty>
            <EntityAcl>
                <entriesInheriting>true</entriesInheriting>
                <owner>admin</owner>
                <ownerType>USER</ownerType>
            </EntityAcl>
        </ExportManifestProperty>
    </ExportManifestEntity>
    <ExportManifestEntity path="admin/Weidert Fernando.xanalyzer">
        <ExportManifestProperty>
            <EntityMetaData name="Weidert Fernando.xanalyzer" createdDate="2016-07-06T17:55:53.110-03:00" isFolder="false" path="admin/Weidert Fernando.xanalyzer" isHidden="false" locale="es" title="Weidert Fernando"/>
        </ExportManifestProperty>
        <ExportManifestProperty>
            <EntityAcl>
                <entriesInheriting>true</entriesInheriting>
                <owner>admin</owner>
                <ownerType>USER</ownerType>
            </EntityAcl>
        </ExportManifestProperty>
    </ExportManifestEntity>
    <ExportManifestEntity path="admin/Zolmaco Fichadas Mensual.prpti">
        <ExportManifestProperty>
            <EntityMetaData name="Zolmaco Fichadas Mensual.prpti" createdDate="2016-06-23T18:31:44.625-03:00" isFolder="false" path="admin/Zolmaco Fichadas Mensual.prpti" isHidden="false" locale="es" description="Zolmaco Fichadas Mensual.prpti" title="Zolmaco Fichadas Mensual"/>
        </ExportManifestProperty>
        <ExportManifestProperty>
            <EntityAcl>
                <entriesInheriting>true</entriesInheriting>
                <owner>admin</owner>
                <ownerType>USER</ownerType>
            </EntityAcl>
        </ExportManifestProperty>
    </ExportManifestEntity>
    <ExportManifestEntity path="admin/sample.cda">
        <ExportManifestProperty>
            <EntityMetaData name="sample.cda" createdDate="2016-06-23T18:31:44.701-03:00" isFolder="false" path="admin/sample.cda" isHidden="false" locale="es" title="sample"/>
        </ExportManifestProperty>
        <ExportManifestProperty>
            <EntityAcl>
                <entriesInheriting>true</entriesInheriting>
                <owner>admin</owner>
                <ownerType>USER</ownerType>
            </EntityAcl>
        </ExportManifestProperty>
    </ExportManifestEntity>
    <ExportManifestEntity path="admin/sample.cdfde">
        <ExportManifestProperty>
            <EntityMetaData name="sample.cdfde" createdDate="2016-06-23T18:31:44.758-03:00" isFolder="false" path="admin/sample.cdfde" isHidden="false" locale="es" title="sample"/>
        </ExportManifestProperty>
        <ExportManifestProperty>
            <EntityAcl>
                <entriesInheriting>true</entriesInheriting>
                <owner>admin</owner>
                <ownerType>USER</ownerType>
            </EntityAcl>
        </ExportManifestProperty>
    </ExportManifestEntity>
    <ExportManifestEntity path="admin/sample.component.xml">
        <ExportManifestProperty>
            <EntityMetaData name="sample.component.xml" createdDate="2016-06-23T18:31:44.825-03:00" isFolder="false" path="admin/sample.component.xml" isHidden="false" locale="es" title="sample.component"/>
        </ExportManifestProperty>
        <ExportManifestProperty>
            <EntityAcl>
                <entriesInheriting>true</entriesInheriting>
                <owner>admin</owner>
                <ownerType>USER</ownerType>
            </EntityAcl>
        </ExportManifestProperty>
    </ExportManifestEntity>
    <ExportManifestEntity path="admin/sample.wcdf">
        <ExportManifestProperty>
            <EntityMetaData name="sample.wcdf" createdDate="2016-06-23T18:31:44.900-03:00" isFolder="false" path="admin/sample.wcdf" isHidden="false" locale="es" title="sample"/>
        </ExportManifestProperty>
        <ExportManifestProperty>
            <EntityAcl>
                <entriesInheriting>true</entriesInheriting>
                <owner>admin</owner>
                <ownerType>USER</ownerType>
            </EntityAcl>
        </ExportManifestProperty>
    </ExportManifestEntity>
    <ExportManifestEntity path="admin/style.css">
        <ExportManifestProperty>
            <EntityMetaData name="style.css" createdDate="2016-06-23T18:31:44.947-03:00" isFolder="false" path="admin/style.css" isHidden="true" locale="es" title="style"/>
        </ExportManifestProperty>
        <ExportManifestProperty>
            <EntityAcl>
                <entriesInheriting>true</entriesInheriting>
                <owner>admin</owner>
                <ownerType>USER</ownerType>
            </EntityAcl>
        </ExportManifestProperty>
    </ExportManifestEntity>
</ns2:ExportManifest>
