<?xml version="1.0" encoding="UTF-8" standalone="yes"?>
<ns2:ExportManifest xmlns:ns2="http://www.pentaho.com/schema/">
    <ExportManifestInformation exportDate="19-07-2016 03:13:37 GFT" exportBy="admin" rootFolder="/home/" manifestVersion="2"/>
    <ExportManifestEntity path="agenda">
        <ExportManifestProperty>
            <EntityMetaData name="agenda" createdDate="2016-06-28T18:27:05.592-03:00" isFolder="true" path="agenda" isHidden="false" locale="es" title="agenda"/>
        </ExportManifestProperty>
        <ExportManifestProperty>
            <EntityAcl>
                <aces>
                    <permissions>ALL</permissions>
                    <recipient>agenda</recipient>
                    <recipientType>USER</recipientType>
                </aces>
                <entriesInheriting>false</entriesInheriting>
                <owner>agenda</owner>
                <ownerType>USER</ownerType>
            </EntityAcl>
        </ExportManifestProperty>
    </ExportManifestEntity>
    <ExportManifestEntity path="agenda/Eventos Agrupado.prpt">
        <ExportManifestProperty>
            <EntityMetaData name="Eventos Agrupado.prpt" createdDate="2016-06-28T18:28:06.869-03:00" isFolder="false" path="agenda/Eventos Agrupado.prpt" isHidden="false" locale="es" description="Eventos por día en las diferentes salas del CCK" title="Eventos Agrupado"/>
        </ExportManifestProperty>
        <ExportManifestProperty>
            <EntityAcl>
                <entriesInheriting>true</entriesInheriting>
                <owner>admin</owner>
                <ownerType>USER</ownerType>
            </EntityAcl>
        </ExportManifestProperty>
    </ExportManifestEntity>
    <ExportManifestEntity path="agenda/Eventos Detalle.prpt">
        <ExportManifestProperty>
            <EntityMetaData name="Eventos Detalle.prpt" createdDate="2016-06-28T18:28:12.719-03:00" isFolder="false" path="agenda/Eventos Detalle.prpt" isHidden="false" locale="es" description="Eventos por día en las diferentes salas del CCK" title="Eventos Detalle"/>
        </ExportManifestProperty>
        <ExportManifestProperty>
            <EntityAcl>
                <entriesInheriting>true</entriesInheriting>
                <owner>admin</owner>
                <ownerType>USER</ownerType>
            </EntityAcl>
        </ExportManifestProperty>
    </ExportManifestEntity>
</ns2:ExportManifest>
