<?xml version="1.0" encoding="UTF-8" standalone="yes"?>
<ns2:ExportManifest xmlns:ns2="http://www.pentaho.com/schema/">
    <ExportManifestInformation exportDate="19-07-2016 03:13:52 GFT" exportBy="admin" rootFolder="/home/" manifestVersion="2"/>
    <ExportManifestEntity path="horas">
        <ExportManifestProperty>
            <EntityMetaData name="horas" createdDate="2016-06-23T18:34:34.819-03:00" isFolder="true" path="horas" isHidden="false" locale="es" title="horas"/>
        </ExportManifestProperty>
        <ExportManifestProperty>
            <EntityAcl>
                <aces>
                    <permissions>ALL</permissions>
                    <recipient>horas</recipient>
                    <recipientType>USER</recipientType>
                </aces>
                <entriesInheriting>false</entriesInheriting>
                <owner>horas</owner>
                <ownerType>USER</ownerType>
            </EntityAcl>
        </ExportManifestProperty>
    </ExportManifestEntity>
    <ExportManifestEntity path="horas/Banda Horaria Dia.prpt">
        <ExportManifestProperty>
            <EntityMetaData name="Banda Horaria Dia.prpt" createdDate="2016-06-23T18:36:59.650-03:00" isFolder="false" path="horas/Banda Horaria Dia.prpt" isHidden="false" locale="es" description="Banda Horária: Acumulado de lecturas diário" title="Banda Horaria Dia"/>
        </ExportManifestProperty>
        <ExportManifestProperty>
            <EntityAcl>
                <entriesInheriting>true</entriesInheriting>
                <owner>admin</owner>
                <ownerType>USER</ownerType>
            </EntityAcl>
        </ExportManifestProperty>
    </ExportManifestEntity>
    <ExportManifestEntity path="horas/Banda Horaria.prpt">
        <ExportManifestProperty>
            <EntityMetaData name="Banda Horaria.prpt" createdDate="2016-06-28T18:05:42.271-03:00" isFolder="false" path="horas/Banda Horaria.prpt" isHidden="false" locale="es" description="Banda Horária: Acumulado de lecturas" title="Banda Horaria"/>
        </ExportManifestProperty>
        <ExportManifestProperty>
            <EntityAcl>
                <entriesInheriting>true</entriesInheriting>
                <owner>admin</owner>
                <ownerType>USER</ownerType>
            </EntityAcl>
        </ExportManifestProperty>
    </ExportManifestEntity>
    <ExportManifestEntity path="horas/CTO">
        <ExportManifestProperty>
            <EntityMetaData name="CTO" createdDate="2016-06-23T18:37:49.460-03:00" isFolder="true" path="horas/CTO" isHidden="false" locale="es" title="CTO"/>
        </ExportManifestProperty>
        <ExportManifestProperty>
            <EntityAcl>
                <entriesInheriting>true</entriesInheriting>
                <owner>admin</owner>
                <ownerType>USER</ownerType>
            </EntityAcl>
        </ExportManifestProperty>
    </ExportManifestEntity>
    <ExportManifestEntity path="horas/CTO/Agrupado Horas CTO.xanalyzer">
        <ExportManifestProperty>
            <EntityMetaData name="Agrupado Horas CTO.xanalyzer" createdDate="2016-06-23T18:36:59.738-03:00" isFolder="false" path="horas/CTO/Agrupado Horas CTO.xanalyzer" isHidden="false" locale="es" title="Agrupado Horas CTO"/>
        </ExportManifestProperty>
        <ExportManifestProperty>
            <EntityAcl>
                <entriesInheriting>true</entriesInheriting>
                <owner>admin</owner>
                <ownerType>USER</ownerType>
            </EntityAcl>
        </ExportManifestProperty>
    </ExportManifestEntity>
    <ExportManifestEntity path="horas/CTO/Detalle Horas CTO.xanalyzer">
        <ExportManifestProperty>
            <EntityMetaData name="Detalle Horas CTO.xanalyzer" createdDate="2016-06-23T18:36:59.783-03:00" isFolder="false" path="horas/CTO/Detalle Horas CTO.xanalyzer" isHidden="false" locale="es" title="Detalle Horas CTO"/>
        </ExportManifestProperty>
        <ExportManifestProperty>
            <EntityAcl>
                <entriesInheriting>true</entriesInheriting>
                <owner>admin</owner>
                <ownerType>USER</ownerType>
            </EntityAcl>
        </ExportManifestProperty>
    </ExportManifestEntity>
    <ExportManifestEntity path="horas/CTO/Horas Area.prpti">
        <ExportManifestProperty>
            <EntityMetaData name="Horas Area.prpti" createdDate="2016-06-23T18:36:59.829-03:00" isFolder="false" path="horas/CTO/Horas Area.prpti" isHidden="false" locale="es" description="Horas Area.prpti" title="Horas Area"/>
        </ExportManifestProperty>
        <ExportManifestProperty>
            <EntityAcl>
                <entriesInheriting>true</entriesInheriting>
                <owner>admin</owner>
                <ownerType>USER</ownerType>
            </EntityAcl>
        </ExportManifestProperty>
    </ExportManifestEntity>
    <ExportManifestEntity path="horas/CTO/Reumen Mensual Fichada CTO 2.prpti">
        <ExportManifestProperty>
            <EntityMetaData name="Reumen Mensual Fichada CTO 2.prpti" createdDate="2016-06-23T18:36:59.965-03:00" isFolder="false" path="horas/CTO/Reumen Mensual Fichada CTO 2.prpti" isHidden="false" locale="es" description="Reumen Mensual Fichada CTO 2.prpti" title="Reumen Mensual Fichada CTO 2"/>
        </ExportManifestProperty>
        <ExportManifestProperty>
            <EntityAcl>
                <entriesInheriting>true</entriesInheriting>
                <owner>admin</owner>
                <ownerType>USER</ownerType>
            </EntityAcl>
        </ExportManifestProperty>
    </ExportManifestEntity>
    <ExportManifestEntity path="horas/CTO/Reumen Mensual Fichada CTO.prpti">
        <ExportManifestProperty>
            <EntityMetaData name="Reumen Mensual Fichada CTO.prpti" createdDate="2016-06-23T18:36:59.894-03:00" isFolder="false" path="horas/CTO/Reumen Mensual Fichada CTO.prpti" isHidden="false" locale="es" title="Reumen Mensual Fichada CTO"/>
        </ExportManifestProperty>
        <ExportManifestProperty>
            <EntityAcl>
                <entriesInheriting>true</entriesInheriting>
                <owner>admin</owner>
                <ownerType>USER</ownerType>
            </EntityAcl>
        </ExportManifestProperty>
    </ExportManifestEntity>
    <ExportManifestEntity path="horas/Control de Accesos.xdash">
        <ExportManifestProperty>
            <EntityMetaData name="Control de Accesos.xdash" createdDate="2016-06-23T18:37:00.026-03:00" isFolder="false" path="horas/Control de Accesos.xdash" isHidden="false" locale="es" description="Control de Accesos.xdash" title="Control de Accesos"/>
        </ExportManifestProperty>
        <ExportManifestProperty>
            <EntityAcl>
                <entriesInheriting>true</entriesInheriting>
                <owner>admin</owner>
                <ownerType>USER</ownerType>
            </EntityAcl>
        </ExportManifestProperty>
    </ExportManifestEntity>
    <ExportManifestEntity path="horas/Detalle Horas.xanalyzer">
        <ExportManifestProperty>
            <EntityMetaData name="Detalle Horas.xanalyzer" createdDate="2016-06-23T18:37:00.080-03:00" isFolder="false" path="horas/Detalle Horas.xanalyzer" isHidden="false" locale="es" title="Detalle Horas"/>
        </ExportManifestProperty>
        <ExportManifestProperty>
            <EntityAcl>
                <entriesInheriting>true</entriesInheriting>
                <owner>admin</owner>
                <ownerType>USER</ownerType>
            </EntityAcl>
        </ExportManifestProperty>
    </ExportManifestEntity>
    <ExportManifestEntity path="horas/Impecable">
        <ExportManifestProperty>
            <EntityMetaData name="Impecable" createdDate="2016-06-23T18:38:11.979-03:00" isFolder="true" path="horas/Impecable" isHidden="false" locale="es" title="Impecable"/>
        </ExportManifestProperty>
        <ExportManifestProperty>
            <EntityAcl>
                <entriesInheriting>true</entriesInheriting>
                <owner>admin</owner>
                <ownerType>USER</ownerType>
            </EntityAcl>
        </ExportManifestProperty>
    </ExportManifestEntity>
    <ExportManifestEntity path="horas/Impecable/Impecable Detallado.prpti">
        <ExportManifestProperty>
            <EntityMetaData name="Impecable Detallado.prpti" createdDate="2016-06-23T18:37:00.141-03:00" isFolder="false" path="horas/Impecable/Impecable Detallado.prpti" isHidden="false" locale="es" title="Impecable Detallado"/>
        </ExportManifestProperty>
        <ExportManifestProperty>
            <EntityAcl>
                <entriesInheriting>true</entriesInheriting>
                <owner>admin</owner>
                <ownerType>USER</ownerType>
            </EntityAcl>
        </ExportManifestProperty>
    </ExportManifestEntity>
    <ExportManifestEntity path="horas/Impecable/Impecable Inconsistencias.prpt">
        <ExportManifestProperty>
            <EntityMetaData name="Impecable Inconsistencias.prpt" createdDate="2016-06-23T18:37:00.204-03:00" isFolder="false" path="horas/Impecable/Impecable Inconsistencias.prpt" isHidden="false" locale="es" description="Reporte de inconsistencias en el fichado por empresa y mes" title="Impecable Inconsistencias"/>
        </ExportManifestProperty>
        <ExportManifestProperty>
            <EntityAcl>
                <entriesInheriting>true</entriesInheriting>
                <owner>admin</owner>
                <ownerType>USER</ownerType>
            </EntityAcl>
        </ExportManifestProperty>
    </ExportManifestEntity>
    <ExportManifestEntity path="horas/Impecable/Impecable Listado Mensual.prpti">
        <ExportManifestProperty>
            <EntityMetaData name="Impecable Listado Mensual.prpti" createdDate="2016-06-23T18:37:00.267-03:00" isFolder="false" path="horas/Impecable/Impecable Listado Mensual.prpti" isHidden="false" locale="es" description="Impecable Listado Mensual.prpti" title="Impecable Listado Mensual"/>
        </ExportManifestProperty>
        <ExportManifestProperty>
            <EntityAcl>
                <entriesInheriting>true</entriesInheriting>
                <owner>admin</owner>
                <ownerType>USER</ownerType>
            </EntityAcl>
        </ExportManifestProperty>
    </ExportManifestEntity>
    <ExportManifestEntity path="horas/Impecable/Impecable Presentismo.prpt">
        <ExportManifestProperty>
            <EntityMetaData name="Impecable Presentismo.prpt" createdDate="2016-06-23T18:37:00.339-03:00" isFolder="false" path="horas/Impecable/Impecable Presentismo.prpt" isHidden="false" locale="es" description="Reporte de presentismo por empresa y mes" title="Impecable Presentismo"/>
        </ExportManifestProperty>
        <ExportManifestProperty>
            <EntityAcl>
                <entriesInheriting>true</entriesInheriting>
                <owner>admin</owner>
                <ownerType>USER</ownerType>
            </EntityAcl>
        </ExportManifestProperty>
    </ExportManifestEntity>
    <ExportManifestEntity path="horas/Impecable/Presentismo Prueba.prpti">
        <ExportManifestProperty>
            <EntityMetaData name="Presentismo Prueba.prpti" createdDate="2016-06-23T18:37:00.401-03:00" isFolder="false" path="horas/Impecable/Presentismo Prueba.prpti" isHidden="false" locale="es" title="Presentismo Prueba"/>
        </ExportManifestProperty>
        <ExportManifestProperty>
            <EntityAcl>
                <entriesInheriting>true</entriesInheriting>
                <owner>admin</owner>
                <ownerType>USER</ownerType>
            </EntityAcl>
        </ExportManifestProperty>
    </ExportManifestEntity>
    <ExportManifestEntity path="horas/Murata Fichada Listado.prpti">
        <ExportManifestProperty>
            <EntityMetaData name="Murata Fichada Listado.prpti" createdDate="2016-06-23T18:37:00.468-03:00" isFolder="false" path="horas/Murata Fichada Listado.prpti" isHidden="false" locale="es" title="Murata Fichada Listado"/>
        </ExportManifestProperty>
        <ExportManifestProperty>
            <EntityAcl>
                <entriesInheriting>true</entriesInheriting>
                <owner>admin</owner>
                <ownerType>USER</ownerType>
            </EntityAcl>
        </ExportManifestProperty>
    </ExportManifestEntity>
    <ExportManifestEntity path="horas/Murata General.prpti">
        <ExportManifestProperty>
            <EntityMetaData name="Murata General.prpti" createdDate="2016-06-23T18:37:00.539-03:00" isFolder="false" path="horas/Murata General.prpti" isHidden="false" locale="es" title="Murata General"/>
        </ExportManifestProperty>
        <ExportManifestProperty>
            <EntityAcl>
                <entriesInheriting>true</entriesInheriting>
                <owner>admin</owner>
                <ownerType>USER</ownerType>
            </EntityAcl>
        </ExportManifestProperty>
    </ExportManifestEntity>
    <ExportManifestEntity path="horas/Murata Listado Mensual.prpti">
        <ExportManifestProperty>
            <EntityMetaData name="Murata Listado Mensual.prpti" createdDate="2016-06-23T18:37:00.607-03:00" isFolder="false" path="horas/Murata Listado Mensual.prpti" isHidden="false" locale="es" description="Murata Listado Mensual.prpti" title="Murata Listado Mensual"/>
        </ExportManifestProperty>
        <ExportManifestProperty>
            <EntityAcl>
                <entriesInheriting>true</entriesInheriting>
                <owner>admin</owner>
                <ownerType>USER</ownerType>
            </EntityAcl>
        </ExportManifestProperty>
    </ExportManifestEntity>
    <ExportManifestEntity path="horas/OTIS Informe Mensual.prpti">
        <ExportManifestProperty>
            <EntityMetaData name="OTIS Informe Mensual.prpti" createdDate="2016-06-23T18:37:00.666-03:00" isFolder="false" path="horas/OTIS Informe Mensual.prpti" isHidden="false" locale="es" description="OTIS Informe Mensual.prpti" title="OTIS Informe Mensual"/>
        </ExportManifestProperty>
        <ExportManifestProperty>
            <EntityAcl>
                <entriesInheriting>true</entriesInheriting>
                <owner>admin</owner>
                <ownerType>USER</ownerType>
            </EntityAcl>
        </ExportManifestProperty>
    </ExportManifestEntity>
    <ExportManifestEntity path="horas/OTIS listado Julio.prpti">
        <ExportManifestProperty>
            <EntityMetaData name="OTIS listado Julio.prpti" createdDate="2016-07-18T16:46:28.408-03:00" isFolder="false" path="horas/OTIS listado Julio.prpti" isHidden="false" locale="es" description="OTIS listado Julio.prpti" title="OTIS listado Julio"/>
        </ExportManifestProperty>
        <ExportManifestProperty>
            <EntityAcl>
                <entriesInheriting>true</entriesInheriting>
                <owner>admin</owner>
                <ownerType>USER</ownerType>
            </EntityAcl>
        </ExportManifestProperty>
    </ExportManifestEntity>
    <ExportManifestEntity path="horas/Prueba.prpti">
        <ExportManifestProperty>
            <EntityMetaData name="Prueba.prpti" createdDate="2016-06-23T18:37:00.730-03:00" isFolder="false" path="horas/Prueba.prpti" isHidden="false" locale="es" description="Prueba.prpti" title="Prueba"/>
        </ExportManifestProperty>
        <ExportManifestProperty>
            <EntityAcl>
                <entriesInheriting>true</entriesInheriting>
                <owner>admin</owner>
                <ownerType>USER</ownerType>
            </EntityAcl>
        </ExportManifestProperty>
    </ExportManifestEntity>
    <ExportManifestEntity path="horas/Tablero Muestra.xdash">
        <ExportManifestProperty>
            <EntityMetaData name="Tablero Muestra.xdash" createdDate="2016-06-23T18:37:00.790-03:00" isFolder="false" path="horas/Tablero Muestra.xdash" isHidden="false" locale="es" description="Tablero Muestra.xdash" title="Tablero Muestra"/>
        </ExportManifestProperty>
        <ExportManifestProperty>
            <EntityAcl>
                <entriesInheriting>true</entriesInheriting>
                <owner>admin</owner>
                <ownerType>USER</ownerType>
            </EntityAcl>
        </ExportManifestProperty>
    </ExportManifestEntity>
    <ExportManifestEntity path="horas/Tableros">
        <ExportManifestProperty>
            <EntityMetaData name="Tableros" createdDate="2016-06-23T18:38:17.188-03:00" isFolder="true" path="horas/Tableros" isHidden="false" locale="es" title="Tableros"/>
        </ExportManifestProperty>
        <ExportManifestProperty>
            <EntityAcl>
                <entriesInheriting>true</entriesInheriting>
                <owner>admin</owner>
                <ownerType>USER</ownerType>
            </EntityAcl>
        </ExportManifestProperty>
    </ExportManifestEntity>
    <ExportManifestEntity path="horas/Tableros/Control de Accesos.cda">
        <ExportManifestProperty>
            <EntityMetaData name="Control de Accesos.cda" createdDate="2016-06-23T18:37:00.902-03:00" isFolder="false" path="horas/Tableros/Control de Accesos.cda" isHidden="false" locale="es" title="Control de Accesos"/>
        </ExportManifestProperty>
        <ExportManifestProperty>
            <EntityAcl>
                <entriesInheriting>true</entriesInheriting>
                <owner>admin</owner>
                <ownerType>USER</ownerType>
            </EntityAcl>
        </ExportManifestProperty>
    </ExportManifestEntity>
    <ExportManifestEntity path="horas/Tableros/Control de Accesos.cdfde">
        <ExportManifestProperty>
            <EntityMetaData name="Control de Accesos.cdfde" createdDate="2016-06-23T18:37:00.955-03:00" isFolder="false" path="horas/Tableros/Control de Accesos.cdfde" isHidden="false" locale="es" title="Control de Accesos"/>
        </ExportManifestProperty>
        <ExportManifestProperty>
            <EntityAcl>
                <entriesInheriting>true</entriesInheriting>
                <owner>admin</owner>
                <ownerType>USER</ownerType>
            </EntityAcl>
        </ExportManifestProperty>
    </ExportManifestEntity>
    <ExportManifestEntity path="horas/Tableros/Control de Accesos.css">
        <ExportManifestProperty>
            <EntityMetaData name="Control de Accesos.css" createdDate="2016-06-28T16:58:36.727-03:00" isFolder="false" path="horas/Tableros/Control de Accesos.css" isHidden="true" locale="es" title="Control de Accesos"/>
        </ExportManifestProperty>
        <ExportManifestProperty>
            <EntityAcl>
                <entriesInheriting>true</entriesInheriting>
                <owner>admin</owner>
                <ownerType>USER</ownerType>
            </EntityAcl>
        </ExportManifestProperty>
    </ExportManifestEntity>
    <ExportManifestEntity path="horas/Tableros/Control de Accesos.wcdf">
        <ExportManifestProperty>
            <EntityMetaData name="Control de Accesos.wcdf" createdDate="2016-06-23T18:37:00.862-03:00" isFolder="false" path="horas/Tableros/Control de Accesos.wcdf" isHidden="false" locale="es" title="Control de Accesos"/>
        </ExportManifestProperty>
        <ExportManifestProperty>
            <EntityAcl>
                <entriesInheriting>true</entriesInheriting>
                <owner>admin</owner>
                <ownerType>USER</ownerType>
            </EntityAcl>
        </ExportManifestProperty>
    </ExportManifestEntity>
    <ExportManifestEntity path="horas/Tableros/Resultados Varios.cda">
        <ExportManifestProperty>
            <EntityMetaData name="Resultados Varios.cda" createdDate="2016-06-23T18:37:01.079-03:00" isFolder="false" path="horas/Tableros/Resultados Varios.cda" isHidden="false" locale="es" title="Resultados Varios"/>
        </ExportManifestProperty>
        <ExportManifestProperty>
            <EntityAcl>
                <entriesInheriting>true</entriesInheriting>
                <owner>admin</owner>
                <ownerType>USER</ownerType>
            </EntityAcl>
        </ExportManifestProperty>
    </ExportManifestEntity>
    <ExportManifestEntity path="horas/Tableros/Resultados Varios.cdfde">
        <ExportManifestProperty>
            <EntityMetaData name="Resultados Varios.cdfde" createdDate="2016-06-23T18:37:01.126-03:00" isFolder="false" path="horas/Tableros/Resultados Varios.cdfde" isHidden="false" locale="es" title="Resultados Varios"/>
        </ExportManifestProperty>
        <ExportManifestProperty>
            <EntityAcl>
                <entriesInheriting>true</entriesInheriting>
                <owner>admin</owner>
                <ownerType>USER</ownerType>
            </EntityAcl>
        </ExportManifestProperty>
    </ExportManifestEntity>
    <ExportManifestEntity path="horas/Tableros/Resultados Varios.css">
        <ExportManifestProperty>
            <EntityMetaData name="Resultados Varios.css" createdDate="2016-06-28T16:58:36.820-03:00" isFolder="false" path="horas/Tableros/Resultados Varios.css" isHidden="true" locale="es" title="Resultados Varios"/>
        </ExportManifestProperty>
        <ExportManifestProperty>
            <EntityAcl>
                <entriesInheriting>true</entriesInheriting>
                <owner>admin</owner>
                <ownerType>USER</ownerType>
            </EntityAcl>
        </ExportManifestProperty>
    </ExportManifestEntity>
    <ExportManifestEntity path="horas/Tableros/Resultados Varios.wcdf">
        <ExportManifestProperty>
            <EntityMetaData name="Resultados Varios.wcdf" createdDate="2016-06-23T18:37:01.038-03:00" isFolder="false" path="horas/Tableros/Resultados Varios.wcdf" isHidden="false" locale="es" title="Resultados Varios"/>
        </ExportManifestProperty>
        <ExportManifestProperty>
            <EntityAcl>
                <entriesInheriting>true</entriesInheriting>
                <owner>admin</owner>
                <ownerType>USER</ownerType>
            </EntityAcl>
        </ExportManifestProperty>
    </ExportManifestEntity>
    <ExportManifestEntity path="horas/Tableros/SGA_Limpieza_Areas_Servicio-Banios.ktr">
        <ExportManifestProperty>
            <EntityMetaData name="SGA_Limpieza_Areas_Servicio-Banios.ktr" createdDate="2016-06-28T16:58:38.755-03:00" isFolder="false" path="horas/Tableros/SGA_Limpieza_Areas_Servicio-Banios.ktr" isHidden="true" locale="es" title="SGA_Limpieza_Areas_Servicio-Banios"/>
        </ExportManifestProperty>
        <ExportManifestProperty>
            <EntityAcl>
                <entriesInheriting>true</entriesInheriting>
                <owner>admin</owner>
                <ownerType>USER</ownerType>
            </EntityAcl>
        </ExportManifestProperty>
    </ExportManifestEntity>
    <ExportManifestEntity path="horas/Zolmaco Listado Mensual.prpti">
        <ExportManifestProperty>
            <EntityMetaData name="Zolmaco Listado Mensual.prpti" createdDate="2016-07-05T13:06:09.508-03:00" isFolder="false" path="horas/Zolmaco Listado Mensual.prpti" isHidden="false" locale="es" description="Zolmaco Listado Mensual.prpti" title="Zolmaco Listado Mensual"/>
        </ExportManifestProperty>
        <ExportManifestProperty>
            <EntityAcl>
                <entriesInheriting>true</entriesInheriting>
                <owner>admin</owner>
                <ownerType>USER</ownerType>
            </EntityAcl>
        </ExportManifestProperty>
    </ExportManifestEntity>
    <ExportManifestEntity path="horas/Zolmaco listado Julio.prpti">
        <ExportManifestProperty>
            <EntityMetaData name="Zolmaco listado Julio.prpti" createdDate="2016-07-07T13:30:52.728-03:00" isFolder="false" path="horas/Zolmaco listado Julio.prpti" isHidden="false" locale="es" description="Zolmaco listado Julio.prpti" title="Zolmaco listado Julio"/>
        </ExportManifestProperty>
        <ExportManifestProperty>
            <EntityAcl>
                <entriesInheriting>true</entriesInheriting>
                <owner>admin</owner>
                <ownerType>USER</ownerType>
            </EntityAcl>
        </ExportManifestProperty>
    </ExportManifestEntity>
    <ExportManifestEntity path="horas/generados">
        <ExportManifestProperty>
            <EntityMetaData name="generados" createdDate="2016-06-23T18:37:57.660-03:00" isFolder="true" path="horas/generados" isHidden="false" locale="es" title="generados"/>
        </ExportManifestProperty>
        <ExportManifestProperty>
            <EntityAcl>
                <entriesInheriting>true</entriesInheriting>
                <owner>admin</owner>
                <ownerType>USER</ownerType>
            </EntityAcl>
        </ExportManifestProperty>
    </ExportManifestEntity>
    <ExportManifestEntity path="horas/generados/Banda Horaria Dia(10).xlsx">
        <ExportManifestProperty>
            <EntityMetaData name="Banda Horaria Dia(10).xlsx" createdDate="2016-07-05T07:30:01.013-03:00" createdBy="c9e23ff2-0e34-4dae-930f-11346f26477f" isFolder="false" path="horas/generados/Banda Horaria Dia(10).xlsx" isHidden="false" locale="es" title="Banda Horaria Dia(10).xlsx"/>
        </ExportManifestProperty>
        <ExportManifestProperty>
            <EntityAcl>
                <entriesInheriting>true</entriesInheriting>
                <owner>admin</owner>
                <ownerType>USER</ownerType>
            </EntityAcl>
        </ExportManifestProperty>
    </ExportManifestEntity>
    <ExportManifestEntity path="horas/generados/Banda Horaria Dia(11).xlsx">
        <ExportManifestProperty>
            <EntityMetaData name="Banda Horaria Dia(11).xlsx" createdDate="2016-07-06T07:30:00.948-03:00" createdBy="c9e23ff2-0e34-4dae-930f-11346f26477f" isFolder="false" path="horas/generados/Banda Horaria Dia(11).xlsx" isHidden="false" locale="es" title="Banda Horaria Dia(11).xlsx"/>
        </ExportManifestProperty>
        <ExportManifestProperty>
            <EntityAcl>
                <entriesInheriting>true</entriesInheriting>
                <owner>admin</owner>
                <ownerType>USER</ownerType>
            </EntityAcl>
        </ExportManifestProperty>
    </ExportManifestEntity>
    <ExportManifestEntity path="horas/generados/Banda Horaria Dia(12).xlsx">
        <ExportManifestProperty>
            <EntityMetaData name="Banda Horaria Dia(12).xlsx" createdDate="2016-07-07T07:30:03.178-03:00" createdBy="c9e23ff2-0e34-4dae-930f-11346f26477f" isFolder="false" path="horas/generados/Banda Horaria Dia(12).xlsx" isHidden="false" locale="es" title="Banda Horaria Dia(12).xlsx"/>
        </ExportManifestProperty>
        <ExportManifestProperty>
            <EntityAcl>
                <entriesInheriting>true</entriesInheriting>
                <owner>admin</owner>
                <ownerType>USER</ownerType>
            </EntityAcl>
        </ExportManifestProperty>
    </ExportManifestEntity>
    <ExportManifestEntity path="horas/generados/Banda Horaria Dia(13).xlsx">
        <ExportManifestProperty>
            <EntityMetaData name="Banda Horaria Dia(13).xlsx" createdDate="2016-07-08T07:30:03.269-03:00" createdBy="c9e23ff2-0e34-4dae-930f-11346f26477f" isFolder="false" path="horas/generados/Banda Horaria Dia(13).xlsx" isHidden="false" locale="es" title="Banda Horaria Dia(13).xlsx"/>
        </ExportManifestProperty>
        <ExportManifestProperty>
            <EntityAcl>
                <entriesInheriting>true</entriesInheriting>
                <owner>admin</owner>
                <ownerType>USER</ownerType>
            </EntityAcl>
        </ExportManifestProperty>
    </ExportManifestEntity>
    <ExportManifestEntity path="horas/generados/Banda Horaria Dia(14).xlsx">
        <ExportManifestProperty>
            <EntityMetaData name="Banda Horaria Dia(14).xlsx" createdDate="2016-07-09T07:30:01.508-03:00" createdBy="c9e23ff2-0e34-4dae-930f-11346f26477f" isFolder="false" path="horas/generados/Banda Horaria Dia(14).xlsx" isHidden="false" locale="es" title="Banda Horaria Dia(14).xlsx"/>
        </ExportManifestProperty>
        <ExportManifestProperty>
            <EntityAcl>
                <entriesInheriting>true</entriesInheriting>
                <owner>admin</owner>
                <ownerType>USER</ownerType>
            </EntityAcl>
        </ExportManifestProperty>
    </ExportManifestEntity>
    <ExportManifestEntity path="horas/generados/Banda Horaria Dia(15).xlsx">
        <ExportManifestProperty>
            <EntityMetaData name="Banda Horaria Dia(15).xlsx" createdDate="2016-07-10T07:30:01.422-03:00" createdBy="c9e23ff2-0e34-4dae-930f-11346f26477f" isFolder="false" path="horas/generados/Banda Horaria Dia(15).xlsx" isHidden="false" locale="es" title="Banda Horaria Dia(15).xlsx"/>
        </ExportManifestProperty>
        <ExportManifestProperty>
            <EntityAcl>
                <entriesInheriting>true</entriesInheriting>
                <owner>admin</owner>
                <ownerType>USER</ownerType>
            </EntityAcl>
        </ExportManifestProperty>
    </ExportManifestEntity>
    <ExportManifestEntity path="horas/generados/Banda Horaria Dia(16).xlsx">
        <ExportManifestProperty>
            <EntityMetaData name="Banda Horaria Dia(16).xlsx" createdDate="2016-07-11T07:30:01.120-03:00" createdBy="c9e23ff2-0e34-4dae-930f-11346f26477f" isFolder="false" path="horas/generados/Banda Horaria Dia(16).xlsx" isHidden="false" locale="es" title="Banda Horaria Dia(16).xlsx"/>
        </ExportManifestProperty>
        <ExportManifestProperty>
            <EntityAcl>
                <entriesInheriting>true</entriesInheriting>
                <owner>admin</owner>
                <ownerType>USER</ownerType>
            </EntityAcl>
        </ExportManifestProperty>
    </ExportManifestEntity>
    <ExportManifestEntity path="horas/generados/Banda Horaria Dia(17).xlsx">
        <ExportManifestProperty>
            <EntityMetaData name="Banda Horaria Dia(17).xlsx" createdDate="2016-07-12T07:30:03.253-03:00" createdBy="c9e23ff2-0e34-4dae-930f-11346f26477f" isFolder="false" path="horas/generados/Banda Horaria Dia(17).xlsx" isHidden="false" locale="es" title="Banda Horaria Dia(17).xlsx"/>
        </ExportManifestProperty>
        <ExportManifestProperty>
            <EntityAcl>
                <entriesInheriting>true</entriesInheriting>
                <owner>admin</owner>
                <ownerType>USER</ownerType>
            </EntityAcl>
        </ExportManifestProperty>
    </ExportManifestEntity>
    <ExportManifestEntity path="horas/generados/Banda Horaria Dia(18).xlsx">
        <ExportManifestProperty>
            <EntityMetaData name="Banda Horaria Dia(18).xlsx" createdDate="2016-07-12T17:08:20.987-03:00" createdBy="c9e23ff2-0e34-4dae-930f-11346f26477f" isFolder="false" path="horas/generados/Banda Horaria Dia(18).xlsx" isHidden="false" locale="es" title="Banda Horaria Dia(18).xlsx"/>
        </ExportManifestProperty>
        <ExportManifestProperty>
            <EntityAcl>
                <entriesInheriting>true</entriesInheriting>
                <owner>admin</owner>
                <ownerType>USER</ownerType>
            </EntityAcl>
        </ExportManifestProperty>
    </ExportManifestEntity>
    <ExportManifestEntity path="horas/generados/Banda Horaria Dia(19).xlsx">
        <ExportManifestProperty>
            <EntityMetaData name="Banda Horaria Dia(19).xlsx" createdDate="2016-07-13T07:30:03.344-03:00" createdBy="c9e23ff2-0e34-4dae-930f-11346f26477f" isFolder="false" path="horas/generados/Banda Horaria Dia(19).xlsx" isHidden="false" locale="es" title="Banda Horaria Dia(19).xlsx"/>
        </ExportManifestProperty>
        <ExportManifestProperty>
            <EntityAcl>
                <entriesInheriting>true</entriesInheriting>
                <owner>admin</owner>
                <ownerType>USER</ownerType>
            </EntityAcl>
        </ExportManifestProperty>
    </ExportManifestEntity>
    <ExportManifestEntity path="horas/generados/Banda Horaria Dia(2).xlsx">
        <ExportManifestProperty>
            <EntityMetaData name="Banda Horaria Dia(2).xlsx" createdDate="2016-06-28T17:07:16.901-03:00" createdBy="c9e23ff2-0e34-4dae-930f-11346f26477f" isFolder="false" path="horas/generados/Banda Horaria Dia(2).xlsx" isHidden="false" locale="es" title="Banda Horaria Dia(2).xlsx"/>
        </ExportManifestProperty>
        <ExportManifestProperty>
            <EntityAcl>
                <entriesInheriting>true</entriesInheriting>
                <owner>admin</owner>
                <ownerType>USER</ownerType>
            </EntityAcl>
        </ExportManifestProperty>
    </ExportManifestEntity>
    <ExportManifestEntity path="horas/generados/Banda Horaria Dia(20).xlsx">
        <ExportManifestProperty>
            <EntityMetaData name="Banda Horaria Dia(20).xlsx" createdDate="2016-07-14T07:30:03.466-03:00" createdBy="c9e23ff2-0e34-4dae-930f-11346f26477f" isFolder="false" path="horas/generados/Banda Horaria Dia(20).xlsx" isHidden="false" locale="es" title="Banda Horaria Dia(20).xlsx"/>
        </ExportManifestProperty>
        <ExportManifestProperty>
            <EntityAcl>
                <entriesInheriting>true</entriesInheriting>
                <owner>admin</owner>
                <ownerType>USER</ownerType>
            </EntityAcl>
        </ExportManifestProperty>
    </ExportManifestEntity>
    <ExportManifestEntity path="horas/generados/Banda Horaria Dia(21).xlsx">
        <ExportManifestProperty>
            <EntityMetaData name="Banda Horaria Dia(21).xlsx" createdDate="2016-07-15T07:30:01.015-03:00" createdBy="c9e23ff2-0e34-4dae-930f-11346f26477f" isFolder="false" path="horas/generados/Banda Horaria Dia(21).xlsx" isHidden="false" locale="es" title="Banda Horaria Dia(21).xlsx"/>
        </ExportManifestProperty>
        <ExportManifestProperty>
            <EntityAcl>
                <entriesInheriting>true</entriesInheriting>
                <owner>admin</owner>
                <ownerType>USER</ownerType>
            </EntityAcl>
        </ExportManifestProperty>
    </ExportManifestEntity>
    <ExportManifestEntity path="horas/generados/Banda Horaria Dia(22).xlsx">
        <ExportManifestProperty>
            <EntityMetaData name="Banda Horaria Dia(22).xlsx" createdDate="2016-07-16T07:30:03.172-03:00" createdBy="c9e23ff2-0e34-4dae-930f-11346f26477f" isFolder="false" path="horas/generados/Banda Horaria Dia(22).xlsx" isHidden="false" locale="es" title="Banda Horaria Dia(22).xlsx"/>
        </ExportManifestProperty>
        <ExportManifestProperty>
            <EntityAcl>
                <entriesInheriting>true</entriesInheriting>
                <owner>admin</owner>
                <ownerType>USER</ownerType>
            </EntityAcl>
        </ExportManifestProperty>
    </ExportManifestEntity>
    <ExportManifestEntity path="horas/generados/Banda Horaria Dia(23).xlsx">
        <ExportManifestProperty>
            <EntityMetaData name="Banda Horaria Dia(23).xlsx" createdDate="2016-07-17T07:30:01.402-03:00" createdBy="c9e23ff2-0e34-4dae-930f-11346f26477f" isFolder="false" path="horas/generados/Banda Horaria Dia(23).xlsx" isHidden="false" locale="es" title="Banda Horaria Dia(23).xlsx"/>
        </ExportManifestProperty>
        <ExportManifestProperty>
            <EntityAcl>
                <entriesInheriting>true</entriesInheriting>
                <owner>admin</owner>
                <ownerType>USER</ownerType>
            </EntityAcl>
        </ExportManifestProperty>
    </ExportManifestEntity>
    <ExportManifestEntity path="horas/generados/Banda Horaria Dia(24).xlsx">
        <ExportManifestProperty>
            <EntityMetaData name="Banda Horaria Dia(24).xlsx" createdDate="2016-07-18T07:30:01.467-03:00" createdBy="c9e23ff2-0e34-4dae-930f-11346f26477f" isFolder="false" path="horas/generados/Banda Horaria Dia(24).xlsx" isHidden="false" locale="es" title="Banda Horaria Dia(24).xlsx"/>
        </ExportManifestProperty>
        <ExportManifestProperty>
            <EntityAcl>
                <entriesInheriting>true</entriesInheriting>
                <owner>admin</owner>
                <ownerType>USER</ownerType>
            </EntityAcl>
        </ExportManifestProperty>
    </ExportManifestEntity>
    <ExportManifestEntity path="horas/generados/Banda Horaria Dia(25).xlsx">
        <ExportManifestProperty>
            <EntityMetaData name="Banda Horaria Dia(25).xlsx" createdDate="2016-07-19T07:30:01.131-03:00" createdBy="c9e23ff2-0e34-4dae-930f-11346f26477f" isFolder="false" path="horas/generados/Banda Horaria Dia(25).xlsx" isHidden="false" locale="es" title="Banda Horaria Dia(25).xlsx"/>
        </ExportManifestProperty>
        <ExportManifestProperty>
            <EntityAcl>
                <entriesInheriting>true</entriesInheriting>
                <owner>admin</owner>
                <ownerType>USER</ownerType>
            </EntityAcl>
        </ExportManifestProperty>
    </ExportManifestEntity>
    <ExportManifestEntity path="horas/generados/Banda Horaria Dia(3).xlsx">
        <ExportManifestProperty>
            <EntityMetaData name="Banda Horaria Dia(3).xlsx" createdDate="2016-06-28T18:07:57.664-03:00" createdBy="c9e23ff2-0e34-4dae-930f-11346f26477f" isFolder="false" path="horas/generados/Banda Horaria Dia(3).xlsx" isHidden="false" locale="es" title="Banda Horaria Dia(3).xlsx"/>
        </ExportManifestProperty>
        <ExportManifestProperty>
            <EntityAcl>
                <entriesInheriting>true</entriesInheriting>
                <owner>admin</owner>
                <ownerType>USER</ownerType>
            </EntityAcl>
        </ExportManifestProperty>
    </ExportManifestEntity>
    <ExportManifestEntity path="horas/generados/Banda Horaria Dia(4).xlsx">
        <ExportManifestProperty>
            <EntityMetaData name="Banda Horaria Dia(4).xlsx" createdDate="2016-06-29T07:30:01.334-03:00" createdBy="c9e23ff2-0e34-4dae-930f-11346f26477f" isFolder="false" path="horas/generados/Banda Horaria Dia(4).xlsx" isHidden="false" locale="es" title="Banda Horaria Dia(4).xlsx"/>
        </ExportManifestProperty>
        <ExportManifestProperty>
            <EntityAcl>
                <entriesInheriting>true</entriesInheriting>
                <owner>admin</owner>
                <ownerType>USER</ownerType>
            </EntityAcl>
        </ExportManifestProperty>
    </ExportManifestEntity>
    <ExportManifestEntity path="horas/generados/Banda Horaria Dia(5).xlsx">
        <ExportManifestProperty>
            <EntityMetaData name="Banda Horaria Dia(5).xlsx" createdDate="2016-06-30T07:30:01.161-03:00" createdBy="c9e23ff2-0e34-4dae-930f-11346f26477f" isFolder="false" path="horas/generados/Banda Horaria Dia(5).xlsx" isHidden="false" locale="es" title="Banda Horaria Dia(5).xlsx"/>
        </ExportManifestProperty>
        <ExportManifestProperty>
            <EntityAcl>
                <entriesInheriting>true</entriesInheriting>
                <owner>admin</owner>
                <ownerType>USER</ownerType>
            </EntityAcl>
        </ExportManifestProperty>
    </ExportManifestEntity>
    <ExportManifestEntity path="horas/generados/Banda Horaria Dia(6).xlsx">
        <ExportManifestProperty>
            <EntityMetaData name="Banda Horaria Dia(6).xlsx" createdDate="2016-07-01T07:30:01.234-03:00" createdBy="c9e23ff2-0e34-4dae-930f-11346f26477f" isFolder="false" path="horas/generados/Banda Horaria Dia(6).xlsx" isHidden="false" locale="es" title="Banda Horaria Dia(6).xlsx"/>
        </ExportManifestProperty>
        <ExportManifestProperty>
            <EntityAcl>
                <entriesInheriting>true</entriesInheriting>
                <owner>admin</owner>
                <ownerType>USER</ownerType>
            </EntityAcl>
        </ExportManifestProperty>
    </ExportManifestEntity>
    <ExportManifestEntity path="horas/generados/Banda Horaria Dia(7).xlsx">
        <ExportManifestProperty>
            <EntityMetaData name="Banda Horaria Dia(7).xlsx" createdDate="2016-07-02T07:30:03.585-03:00" createdBy="c9e23ff2-0e34-4dae-930f-11346f26477f" isFolder="false" path="horas/generados/Banda Horaria Dia(7).xlsx" isHidden="false" locale="es" title="Banda Horaria Dia(7).xlsx"/>
        </ExportManifestProperty>
        <ExportManifestProperty>
            <EntityAcl>
                <entriesInheriting>true</entriesInheriting>
                <owner>admin</owner>
                <ownerType>USER</ownerType>
            </EntityAcl>
        </ExportManifestProperty>
    </ExportManifestEntity>
    <ExportManifestEntity path="horas/generados/Banda Horaria Dia(8).xlsx">
        <ExportManifestProperty>
            <EntityMetaData name="Banda Horaria Dia(8).xlsx" createdDate="2016-07-03T07:30:00.719-03:00" createdBy="c9e23ff2-0e34-4dae-930f-11346f26477f" isFolder="false" path="horas/generados/Banda Horaria Dia(8).xlsx" isHidden="false" locale="es" title="Banda Horaria Dia(8).xlsx"/>
        </ExportManifestProperty>
        <ExportManifestProperty>
            <EntityAcl>
                <entriesInheriting>true</entriesInheriting>
                <owner>admin</owner>
                <ownerType>USER</ownerType>
            </EntityAcl>
        </ExportManifestProperty>
    </ExportManifestEntity>
    <ExportManifestEntity path="horas/generados/Banda Horaria Dia(9).xlsx">
        <ExportManifestProperty>
            <EntityMetaData name="Banda Horaria Dia(9).xlsx" createdDate="2016-07-04T07:30:00.833-03:00" createdBy="c9e23ff2-0e34-4dae-930f-11346f26477f" isFolder="false" path="horas/generados/Banda Horaria Dia(9).xlsx" isHidden="false" locale="es" title="Banda Horaria Dia(9).xlsx"/>
        </ExportManifestProperty>
        <ExportManifestProperty>
            <EntityAcl>
                <entriesInheriting>true</entriesInheriting>
                <owner>admin</owner>
                <ownerType>USER</ownerType>
            </EntityAcl>
        </ExportManifestProperty>
    </ExportManifestEntity>
    <ExportManifestEntity path="horas/generados/Banda Horaria Dia.xlsx">
        <ExportManifestProperty>
            <EntityMetaData name="Banda Horaria Dia.xlsx" createdDate="2016-06-28T16:39:13.636-03:00" createdBy="c9e23ff2-0e34-4dae-930f-11346f26477f" isFolder="false" path="horas/generados/Banda Horaria Dia.xlsx" isHidden="false" locale="es" title="Banda Horaria Dia.xlsx"/>
        </ExportManifestProperty>
        <ExportManifestProperty>
            <EntityAcl>
                <entriesInheriting>true</entriesInheriting>
                <owner>admin</owner>
                <ownerType>USER</ownerType>
            </EntityAcl>
        </ExportManifestProperty>
    </ExportManifestEntity>
</ns2:ExportManifest>
